reaction;f0
rxn1;0.637
rxn2;0.363
rxn3;0.0
rxn4;0.7649999999999999
Ribosome;0.9249999999999998
