reaction;f0
rxn1;1.0
rxn2;0.9666666666666667
Ribosome;0.9333333333333333
