condition;10fthfglu3;12dgr;13dpg;1ag3p;2dr1p;2dr5p;2pg;3pg;5fthf;5fthfglu3;ACP_R;ACP;DNA;PdhC;RNA;ac;acald;accoa;actp;ade;adp;amp;ap;apoACP;atp;cdp;cdpdag;clpn;cmp;coa;ctp;dUTPase;dad_2;dadp;damp;datp;dcdp;dcmp;dctp;dcyt;dgdp;dgmp;dgsn;dgtp;dhap;dhlpl_PdhC;dnad;dtdp;dtmp;dttp;dump;e4p;f6p;fa;fdp;fmettrna;fmn;for;g1p;g3p;g6p;galfur12dgr;gdp;glyc3p;glyc;gmp;gtp;gua;h2o;h;lac__L;lgltn;lpl_PdhC;methfglu3;mlthfglu3;nac;nad;nadh;nadp;nadph;nh3;nicrnt;o2;pa;pap;pep;pg3p;pg;pi;ppi;prpp;pyr;r5p;ribflv;ru5p__D;s7p;thfglu3;thymd;trdox;trdrd;udp;udpg;udpgal;udpgalfur;udpgltn;ump;ura;utp;xu5p__D;AA;tRNA;AAtRNA;Protein
67;0.223629;0.431047;0.171933;0.548163;0.237717;0.054889;0.331088;0.298734;0.0355041;0.283672;0.636708;6.91675;19.2559;0.00174845;56.4613;0.169919;5.93711;0.0919893;0.261601;0.0627311;0.308305;0.0594509;0.0536747;60.5213;2.57232;0.0246512;0.254604;0.662338;0.384164;0.774056;0.0882165;0.307705;0.270372;0.387467;0.283946;0.0463794;0.231914;0.213613;0.0453261;0.264519;0.716692;0.0150529;0.249145;0.148;0.728392;0.429744;0.0182052;0.385325;0.287608;0.0458339;0.689652;0.0834209;1.23783;0.236869;0.328766;2.06371;0.193682;0.111648;0.00712171;0.697257;0.341239;0.413193;0.0326905;0.123485;0.172738;0.0479451;0.0459349;0.518118;1.48192;0.57256;0.132713;0.326068;0.495074;0.652481;0.0726072;0.516969;0.756703;0.176584;0.00930018;0.0116036;0.163247;0.00762993;0.151641;0.105164;0.00201503;0.437836;0.0417304;0.551662;0.876257;0.0382265;0.0610326;0.250204;0.897943;0.380306;0.0278323;0.176916;0.315318;0.391308;0.312133;2.07599e-09;0.417608;0.0348008;0.133922;0.0146166;0.390571;0.131701;0.228434;0.453306;0.0482832;0.351928;0.804075;4.66283;160.399
