condition;iter;t;dt;5FTHFabc;ACt;ATPase;COAabc;DADNabc;DCYTabc;DGSNabc;FAt;FORt;GLCpts;GLYCt;H2Ot;Ht;LIPTA;L_LACt2r;NACabc;NH3t;O2t;PIabc;RIBFLVabc;THMDabc;URAt2;trdoxt;trdrdt;AAabc;5FTHFPGS;ACKr;ACPPAT;ACPS;ACP_transl;ADK1;ADPT;AGPAT;APG3PAT;BPNT;CLPNS;CTPS2;CTPSDUMP;CYTK1;CYTK2;DADK;DADNK;DAGGALT;DAGPST;DASYN;DCMPDA;DCYTK;DGK1;DGSNK;DNAP;DRPA;ENO;FAKr;FBA;FMETTRS;FTHFCL;GALU;GAPD;GHMT;GK1;GLYK;GUAPRT;LDH_L;MTHFC;MTHFD;NADHK;NADS;NCTPPRT;NNATr;NOX;PAPA;PDH_E3;PDH_acald;PFK;PGI;PGK;PGK3;PGK4;PGM;PGMT;PGPP;PGSA;PPA;PPM2;PRPPS;PSSYN;PTAr;PUNP2;PUNP4;PYK2;PYK4;PYK5;PYK6;PYK7;PYK8;PdhC_transl;RBFK;RNAP;RPE;RPI;TALA;TKT1;TKT2;TMDK1;TMPK;TPI;TRDR;UDPG4E;UDPGALM;UMPK;UPPRT;dUTPase_transl;tRNAP;AATRS;Ribosome
1;0;0;0.01;0.00804327;0.0380889;0.621905;0.0042998;0.361946;0.0251888;0.356052;0.076079;1e-10;5.36374;0.0191147;1e-10;1e-10;0.00178976;2.55489;0.0097849;0.111003;0.0118076;1.29536;0.00385862;0.0584728;0.0858188;0.212976;0.211244;1.04316;0.00902922;0.365006;1.37222;0.0223548;36.8566;2.89679;0.200628;1.41335;0.0679198;1e-10;0.0313724;0.378908;5.43636;0.0656736;0.019229;0.0583719;0.0549323;0.0200622;0.065403;0.0960426;2.12465;0.0217378;0.019977;0.020116;0.213838;0.170969;5.19605;0.202993;4.72751;0.498375;0.00478178;0.298918;26.3123;0.013509;0.35774;0.130317;0.223218;21.322;0.0152603;0.0265771;0.00151853;0.00469667;0.00404661;0.00444426;0.464524;0.0307783;39.9051;40;10.7104;3.90484;27.0551;0.289208;7.85133;5.19694;0.105259;0.0686205;0.094596;0.999584;0.171854;1.1431;0.215751;0.591095;0.1362;0.153347;0.649725;0.0438548;0.0390232;6.7658;0.0118206;0.0384113;0.502052;0.00171315;0.359802;0.239166;0.238282;0.239733;0.238332;0.225858;0.0543697;0.057781;2.36287;0.22576;0.22729;0.226405;0.617484;0.373298;0.00568626;0.692448;36.6883;0.32826
