condition;5FTHFabc;ACt;ATPase;COAabc;DADNabc;DCYTabc;DGSNabc;FAt;FORt;GLCpts;GLYCt;H2Ot;Ht;LIPTA;L_LACt2r;NACabc;NH3t;O2t;PIabc;RIBFLVabc;THMDabc;URAt2;trdoxt;trdrdt;AAabc;5FTHFPGS;ACKr;ACPPAT;ACPS;ACP_transl;ADK1;ADPT;AGPAT;APG3PAT;BPNT;CLPNS;CTPS2;CTPSDUMP;CYTK1;CYTK2;DADK;DADNK;DAGGALT;DAGPST;DASYN;DCMPDA;DCYTK;DGK1;DGSNK;DNAP;DRPA;ENO;FAKr;FBA;FMETTRS;FTHFCL;GALU;GAPD;GHMT;GK1;GLYK;GUAPRT;LDH_L;MTHFC;MTHFD;NADHK;NADS;NCTPPRT;NNATr;NOX;PAPA;PDH_E3;PDH_acald;PFK;PGI;PGK;PGK3;PGK4;PGM;PGMT;PGPP;PGSA;PPA;PPM2;PRPPS;PSSYN;PTAr;PUNP2;PUNP4;PYK2;PYK4;PYK5;PYK6;PYK7;PYK8;PdhC_transl;RBFK;RNAP;RPE;RPI;TALA;TKT1;TKT2;TMDK1;TMPK;TPI;TRDR;UDPG4E;UDPGALM;UMPK;UPPRT;dUTPase_transl;tRNAP;AATRS;Ribosome
67;1.02507;4.89268;87.5391;0.868472;56.2742;3.3687;57.8398;0.904551;0.0716169;719.471;0.287851;0.448119;0.0954086;0.339658;347.486;1.3368;14.9237;1.44097;194.677;0.468414;7.58239;13.939;27.0536;26.945;126.647;1.38205;46.3917;13.5026;2.85115;4662.73;428.308;32.7544;13.6759;0.891169;0.11691;0.256346;63.34;727.618;0.160748;2.40969;7.50227;7.0359;0.22992;0.12164;0.834329;284.508;2.97897;2.92454;2.66798;27.1914;28.0386;706.538;2.35374;641.562;63.8677;0.78672;1.38098;3577.58;1.73007;59.0078;1.55714;36.6282;2899.35;1.92343;3.38917;0.0119559;0.616448;0.274176;0.444844;58.9497;0.324324;5058.19;5070.26;1453.48;537.409;3719.91;47.9177;1117.1;706.658;0.484785;0.515434;0.722277;137.344;28.0586;186.024;0.875915;75.0131;21.9231;25.2662;70.1723;0.0977272;4.9773;962.52;1.51943;4.89931;63.5753;0.136227;45.3381;38.9307;38.9206;38.9645;38.8628;36.4645;6.96602;7.42602;320.516;28.6765;1.04152;0.993099;100.987;60.902;21.1826;127.861;4679.97;58.2611
