condition;5FTHFabc;ACt;ATPase;COAabc;DADNabc;DCYTabc;DGSNabc;FAt;FORt;GLCpts;GLYCt;H2Ot;Ht;LIPTA;L_LACt2r;NACabc;NH3t;O2t;PIabc;RIBFLVabc;THMDabc;URAt2;trdoxt;trdrdt;AAabc;5FTHFPGS;ACKr;ACPPAT;ACPS;ACP_transl;ADK1;ADPT;AGPAT;APG3PAT;BPNT;CLPNS;CTPS2;CTPSDUMP;CYTK1;CYTK2;DADK;DADNK;DAGGALT;DAGPST;DASYN;DCMPDA;DCYTK;DGK1;DGSNK;DNAP;DRPA;ENO;FAKr;FBA;FMETTRS;FTHFCL;GALU;GAPD;GHMT;GK1;GLYK;GUAPRT;LDH_L;MTHFC;MTHFD;NADHK;NADS;NCTPPRT;NNATr;NOX;PAPA;PDH_E3;PDH_acald;PFK;PGI;PGK;PGK3;PGK4;PGM;PGMT;PGPP;PGSA;PPA;PPM2;PRPPS;PSSYN;PTAr;PUNP2;PUNP4;PYK2;PYK4;PYK5;PYK6;PYK7;PYK8;PdhC_transl;RBFK;RNAP;RPE;RPI;TALA;TKT1;TKT2;TMDK1;TMPK;TPI;TRDR;UDPG4E;UDPGALM;UMPK;UPPRT;dUTPase_transl;tRNAP;AATRS;Ribosome
67;0.00808697;0.0385992;0.690611;0.00685153;0.443957;0.0265763;0.456308;0.00713616;0.000564998;5.67603;0.0022709;0.00353529;0.000752695;0.00267962;2.74137;0.0105463;0.117736;0.0113681;1.53584;0.0036954;0.0598188;0.109968;0.21343;0.212573;0.999143;0.0109032;0.365992;0.106524;0.0224932;36.7851;3.379;0.258405;0.107891;0.00703059;0.000922321;0.00202236;0.4997;5.7403;0.00126817;0.0190104;0.0591867;0.0555075;0.00181388;0.000959642;0.00658217;2.24454;0.0235016;0.0230722;0.0210482;0.214518;0.221202;5.574;0.018569;5.0614;0.503864;0.00620657;0.0108948;28.2241;0.0136488;0.465523;0.0122846;0.288966;22.8735;0.0151743;0.0267378;9.43222e-05;0.00486326;0.00216302;0.00350945;0.465064;0.00255865;39.9049;40.0002;11.4668;4.23971;29.347;0.378031;8.813;5.57495;0.00382456;0.00406635;0.00569817;1.08353;0.221359;1.46758;0.00691025;0.591791;0.172955;0.19933;0.553601;0.000770987;0.0392668;7.59348;0.011987;0.0386515;0.501557;0.00107472;0.35768;0.307131;0.307051;0.307398;0.306595;0.287675;0.0549561;0.0585852;2.52861;0.226234;0.00821676;0.00783473;0.796706;0.480467;0.167113;1.00872;36.9211;0.459632
