condition;iter;t;dt;mu;doubling_time;density;consistent;mu_diff
70;0;0;0.01;0.122181;6.01304;1;1;0
70;100;6.016e-05;6.4e-07;0.2461;3.1504;1;1;0
70;200;0.00018432;1.28e-06;0.288054;2.73828;1;1;0
