condition;5FTHFabc;ACt;ATPase;COAabc;DADNabc;DCYTabc;DGSNabc;FAt;FORt;GLCpts;GLYCt;H2Ot;Ht;LIPTA;L_LACt2r;NACabc;NH3t;O2t;PIabc;RIBFLVabc;THMDabc;URAt2;trdoxt;trdrdt;AAabc;5FTHFPGS;ACKr;ACPPAT;ACPS;ACP_transl;ADK1;ADPT;AGPAT;APG3PAT;BPNT;CLPNS;CTPS2;CTPSDUMP;CYTK1;CYTK2;DADK;DADNK;DAGGALT;DAGPST;DASYN;DCMPDA;DCYTK;DGK1;DGSNK;DNAP;DRPA;ENO;FAKr;FBA;FMETTRS;FTHFCL;GALU;GAPD;GHMT;GK1;GLYK;GUAPRT;LDH_L;MTHFC;MTHFD;NADHK;NADS;NCTPPRT;NNATr;NOX;PAPA;PDH_E3;PDH_acald;PFK;PGI;PGK;PGK3;PGK4;PGM;PGMT;PGPP;PGSA;PPA;PPM2;PRPPS;PSSYN;PTAr;PUNP2;PUNP4;PYK2;PYK4;PYK5;PYK6;PYK7;PYK8;PdhC_transl;RBFK;RNAP;RPE;RPI;TALA;TKT1;TKT2;TMDK1;TMPK;TPI;TRDR;UDPG4E;UDPGALM;UMPK;UPPRT;dUTPase_transl;tRNAP;AATRS;Ribosome
70;0.00808694;0.0385992;0.690611;0.00685159;0.443957;0.0265763;0.456308;0.00713615;0.000565034;5.67603;0.00227087;0.00353541;0.000752735;0.00267962;2.74137;0.0105463;0.117736;0.0113681;1.53584;0.00369539;0.0598188;0.109967;0.21343;0.212573;0.999143;0.0109032;0.365992;0.106524;0.0224932;36.7851;3.379;0.258406;0.107891;0.00703059;0.000922322;0.00202236;0.4997;5.7403;0.00126818;0.0190103;0.0591866;0.0555074;0.0018139;0.000959647;0.00658213;2.24454;0.0235016;0.0230722;0.0210482;0.214518;0.221202;5.574;0.0185691;5.0614;0.503864;0.00620658;0.0108948;28.2241;0.0136489;0.465523;0.0122845;0.288966;22.8735;0.0151743;0.0267378;9.43213e-05;0.00486322;0.002163;0.00350942;0.465064;0.00255867;39.9049;40.0002;11.4668;4.23971;29.347;0.378031;8.813;5.57495;0.00382454;0.0040664;0.00569818;1.08353;0.221359;1.46758;0.00691029;0.591791;0.172955;0.19933;0.553601;0.000770996;0.0392668;7.59348;0.011987;0.0386515;0.501557;0.00107468;0.35768;0.307131;0.307051;0.307398;0.306595;0.287675;0.0549561;0.0585851;2.52861;0.226234;0.00821672;0.00783478;0.796706;0.480466;0.167113;1.00872;36.9211;0.459632
