condition;5FTHFabc;ACt;ATPase;COAabc;DADNabc;DCYTabc;DGSNabc;FAt;FORt;GLCpts;GLYCt;H2Ot;Ht;LIPTA;L_LACt2r;NACabc;NH3t;O2t;PIabc;RIBFLVabc;THMDabc;URAt2;trdoxt;trdrdt;AAabc;5FTHFPGS;ACKr;ACPPAT;ACPS;ACP_transl;ADK1;ADPT;AGPAT;APG3PAT;BPNT;CLPNS;CTPS2;CTPSDUMP;CYTK1;CYTK2;DADK;DADNK;DAGGALT;DAGPST;DASYN;DCMPDA;DCYTK;DGK1;DGSNK;DNAP;DRPA;ENO;FAKr;FBA;FMETTRS;FTHFCL;GALU;GAPD;GHMT;GK1;GLYK;GUAPRT;LDH_L;MTHFC;MTHFD;NADHK;NADS;NCTPPRT;NNATr;NOX;PAPA;PDH_E3;PDH_acald;PFK;PGI;PGK;PGK3;PGK4;PGM;PGMT;PGPP;PGSA;PPA;PPM2;PRPPS;PSSYN;PTAr;PUNP2;PUNP4;PYK2;PYK4;PYK5;PYK6;PYK7;PYK8;PdhC_transl;RBFK;RNAP;RPE;RPI;TALA;TKT1;TKT2;TMDK1;TMPK;TPI;TRDR;UDPG4E;UDPGALM;UMPK;UPPRT;dUTPase_transl;tRNAP;AATRS;Ribosome
67;1.01453;4.84364;86.6654;0.860163;55.7104;3.33479;57.2603;0.895455;0.0708662;712.264;0.285004;0.443685;0.0943326;0.336258;344.005;1.32322;14.7742;1.42677;192.726;0.463674;7.50627;13.7995;26.7826;26.6751;125.379;1.36797;45.927;13.3673;2.82246;4616.03;424.018;32.4258;13.5389;0.882215;0.115733;0.253783;62.7056;720.33;0.159058;2.38587;7.42711;6.96541;0.227507;0.120409;0.826053;281.659;2.94877;2.89492;2.64096;26.9188;27.7577;699.461;2.3301;635.136;63.2291;0.778718;1.36744;3541.74;1.71278;58.4167;1.54153;36.2613;2870.31;1.90417;3.35523;0.0118348;0.610947;0.271725;0.440868;58.359;0.321002;5007.52;5019.48;1438.93;532.026;3682.65;47.4376;1105.91;699.58;0.48003;0.510132;0.715025;135.968;27.7774;184.161;0.867004;74.2619;21.7033;25.013;69.4694;0.0967035;4.9276;952.879;1.50439;4.85038;62.9387;0.134863;44.8841;38.5408;38.5308;38.574;38.4733;36.0996;6.89624;7.35164;317.306;28.3892;1.0313;0.983045;99.976;60.2923;20.9706;126.579;4633.09;57.6735
