condition;5FTHFabc;ACt;ATPase;COAabc;DADNabc;DCYTabc;DGSNabc;FAt;FORt;GLCpts;GLYCt;H2Ot;Ht;LIPTA;L_LACt2r;NACabc;NH3t;O2t;PIabc;RIBFLVabc;THMDabc;URAt2;trdoxt;trdrdt;AAabc;5FTHFPGS;ACKr;ACPPAT;ACPS;ACP_transl;ADK1;ADPT;AGPAT;APG3PAT;BPNT;CLPNS;CTPS2;CTPSDUMP;CYTK1;CYTK2;DADK;DADNK;DAGGALT;DAGPST;DASYN;DCMPDA;DCYTK;DGK1;DGSNK;DNAP;DRPA;ENO;FAKr;FBA;FMETTRS;FTHFCL;GALU;GAPD;GHMT;GK1;GLYK;GUAPRT;LDH_L;MTHFC;MTHFD;NADHK;NADS;NCTPPRT;NNATr;NOX;PAPA;PDH_E3;PDH_acald;PFK;PGI;PGK;PGK3;PGK4;PGM;PGMT;PGPP;PGSA;PPA;PPM2;PRPPS;PSSYN;PTAr;PUNP2;PUNP4;PYK2;PYK4;PYK5;PYK6;PYK7;PYK8;PdhC_transl;RBFK;RNAP;RPE;RPI;TALA;TKT1;TKT2;TMDK1;TMPK;TPI;TRDR;UDPG4E;UDPGALM;UMPK;UPPRT;dUTPase_transl;tRNAP;AATRS;Ribosome
67;0.00169064;8.14739e-12;80.9969;0.0197464;0.395194;0.0223954;0.420093;3.3721e-13;1.59087e-13;1.0463;3.12562e-13;2.48744e-12;9.47523e-12;0.00542845;3.8576e-10;0.0113423;8.76292e-11;4.50321e-12;0.137353;0.01367;0.0163586;1.23375e-11;2.34851e-13;1.13605e-10;0.247444;0.00251203;0.0117484;0.0155311;0.000130122;0.00726727;0.184114;0.0700949;0.0290576;0.00976173;0.0021825;0.000317214;1.19688;5.06195;0.000115332;0.00188009;0.00242532;0.0203905;0.00162239;8.74953e-06;0.0139001;0.42563;0.00914723;0.00771548;0.00776165;0.019845;0.106819;2.10995;0.0299776;3.93961;0.00453069;0.000651735;0.00428146;4.9259;0.008042;0.140608;0.000252958;0.137117;0.908884;0.00322683;0.0111987;1.81232e-05;0.0230538;0.00154468;0.00633409;0.150537;0.0019544;1.41005;1.63227;8.80428;0.596233;1.10747;0.0331067;0.304211;1.3973;0.000867846;0.00114026;0.000951089;0.22475;1.25595;4.57549;0.000217881;0.0261243;0.00649489;0.0244463;0.76495;0.00501055;0.0497825;9.17525;0.0168822;0.0488734;1.86429e-05;0.000241631;0.014301;0.0750764;0.0192122;0.26136;0.245026;0.142368;0.0119113;0.010426;8.67983;0.0220003;0.00401484;0.00724321;0.258161;0.0567395;1.0954e-05;0.0531426;1.38876;16.1282
