condition;5FTHFabc;ACt;ATPase;COAabc;DADNabc;DCYTabc;DGSNabc;FAt;FORt;GLCpts;GLYCt;H2Ot;Ht;LIPTA;L_LACt2r;NACabc;NH3t;O2t;PIabc;RIBFLVabc;THMDabc;URAt2;trdoxt;trdrdt;AAabc;5FTHFPGS;ACKr;ACPPAT;ACPS;ACP_transl;ADK1;ADPT;AGPAT;APG3PAT;BPNT;CLPNS;CTPS2;CTPSDUMP;CYTK1;CYTK2;DADK;DADNK;DAGGALT;DAGPST;DASYN;DCMPDA;DCYTK;DGK1;DGSNK;DNAP;DRPA;ENO;FAKr;FBA;FMETTRS;FTHFCL;GALU;GAPD;GHMT;GK1;GLYK;GUAPRT;LDH_L;MTHFC;MTHFD;NADHK;NADS;NCTPPRT;NNATr;NOX;PAPA;PDH_E3;PDH_acald;PFK;PGI;PGK;PGK3;PGK4;PGM;PGMT;PGPP;PGSA;PPA;PPM2;PRPPS;PSSYN;PTAr;PUNP2;PUNP4;PYK2;PYK4;PYK5;PYK6;PYK7;PYK8;PdhC_transl;RBFK;RNAP;RPE;RPI;TALA;TKT1;TKT2;TMDK1;TMPK;TPI;TRDR;UDPG4E;UDPGALM;UMPK;UPPRT;dUTPase_transl;tRNAP;AATRS;Ribosome
67;0.00167363;8.06589e-12;80.208;0.0195642;0.39133;0.0221754;0.415985;3.33819e-13;1.57503e-13;1.03625;3.09435e-13;2.46356e-12;9.37291e-12;0.00542375;3.81901e-10;0.0112299;8.67524e-11;4.45882e-12;0.13601;0.0135348;0.0161984;1.22141e-11;2.32502e-13;1.28726e-10;0.247179;0.00249861;0.0116822;0.0154803;0.000128858;0.00722878;0.182824;0.0695957;0.0290457;0.00971741;0.00217902;0.000314485;1.18671;5.01496;0.000114229;0.00186428;0.00240309;0.0206264;0.00165459;8.75161e-06;0.0138305;0.421991;0.00905944;0.00768577;0.00768709;0.0200372;0.106082;2.09241;0.0297651;3.90298;0.00450147;0.000645589;0.00427009;4.89293;0.00797149;0.139473;0.000250574;0.136016;0.903257;0.0031961;0.0111824;1.79987e-05;0.0230211;0.00153766;0.00631976;0.152269;0.00197954;1.40892;1.63049;8.72432;0.591778;1.10151;0.0329785;0.302445;1.38594;0.000863324;0.00113144;0.000945702;0.222912;1.2446;4.53615;0.000214331;0.0260493;0.00643542;0.0242251;0.758542;0.0049994;0.0493399;9.09153;0.0167417;0.0484308;1.85394e-05;0.000239235;0.0144329;0.0745888;0.019165;0.263838;0.243368;0.141264;0.0117939;0.0103299;8.59951;0.0219497;0.00400144;0.00718726;0.256264;0.0562996;1.0898e-05;0.0536322;1.38439;16.0415
