condition;iter;t;dt;5FTHFabc;ACt;ATPase;COAabc;DADNabc;DCYTabc;DGSNabc;FAt;FORt;GLCpts;GLYCt;H2Ot;Ht;LIPTA;L_LACt2r;NACabc;NH3t;O2t;PIabc;RIBFLVabc;THMDabc;URAt2;trdoxt;trdrdt;AAabc;5FTHFPGS;ACKr;ACPPAT;ACPS;ACP_transl;ADK1;ADPT;AGPAT;APG3PAT;BPNT;CLPNS;CTPS2;CTPSDUMP;CYTK1;CYTK2;DADK;DADNK;DAGGALT;DAGPST;DASYN;DCMPDA;DCYTK;DGK1;DGSNK;DNAP;DRPA;ENO;FAKr;FBA;FMETTRS;FTHFCL;GALU;GAPD;GHMT;GK1;GLYK;GUAPRT;LDH_L;MTHFC;MTHFD;NADHK;NADS;NCTPPRT;NNATr;NOX;PAPA;PDH_E3;PDH_acald;PFK;PGI;PGK;PGK3;PGK4;PGM;PGMT;PGPP;PGSA;PPA;PPM2;PRPPS;PSSYN;PTAr;PUNP2;PUNP4;PYK2;PYK4;PYK5;PYK6;PYK7;PYK8;PdhC_transl;RBFK;RNAP;RPE;RPI;TALA;TKT1;TKT2;TMDK1;TMPK;TPI;TRDR;UDPG4E;UDPGALM;UMPK;UPPRT;dUTPase_transl;tRNAP;AATRS;Ribosome
1;0;0;0.01;1.11936e-05;4.90828e-14;0.485641;8.24939e-05;0.00214479;0.000141301;0.00218209;2.19478e-14;1.71901e-22;113.943;1.60618e-14;4.29554e-22;7.6853e-21;1.42128e-07;2.19488e-12;7.00537e-05;5.04391e-13;2.85552e-14;0.000771181;9.50192e-05;0.000106447;5.87809e-14;1.43073e-15;1.41885e-15;0.00171977;9.89356e-06;7.02533e-05;0.00999911;1.09766e-06;0.00074675;0.000752355;0.000243237;0.00526416;0.000335181;1.19013e-13;2.56172e-05;0.00654722;0.0340434;4.14373e-05;1.2439e-05;1.53087e-05;0.000135411;1.6186e-05;2.94514e-06;0.000577248;0.00235595;5.67113e-05;1.7445e-05;4.96482e-05;0.0317683;0.000366351;0.0121725;0.00166146;0.0225751;0.000179557;3.18692e-06;0.000191513;0.0361088;4.87362e-05;0.000589057;1.71732e-05;0.000532543;0.00460776;2.16952e-05;3.32364e-05;2.08119e-06;3.81865e-05;1.06122e-05;1.06074e-05;0.000778523;0.000101331;0.0145973;0.0464677;0.067831;0.00345104;0.00572282;4.80493e-05;0.0230479;0.0078967;0.000153659;5.62745e-05;7.3736e-05;0.00120674;0.00581198;0.0309687;8.15921e-06;0.00010062;3.03213e-05;0.000110931;0.00587273;0.000446579;0.000314475;0.0540785;0.000101045;0.000307277;1.73803e-06;2.53335e-06;1.81712e-05;0.000240632;2.15016e-05;0.00111044;0.00113512;0.00114412;7.5679e-05;6.92232e-05;0.0548758;6.6267e-05;0.000170763;0.000862014;0.00132574;0.000215546;4.05919e-08;4.60794e-05;0.0197622;0.588894
