condition;5FTHFabc;ACt;ATPase;COAabc;DADNabc;DCYTabc;DGSNabc;FAt;FORt;GLCpts;GLYCt;H2Ot;Ht;LIPTA;L_LACt2r;NACabc;NH3t;O2t;PIabc;RIBFLVabc;THMDabc;URAt2;trdoxt;trdrdt;AAabc;5FTHFPGS;ACKr;ACPPAT;ACPS;ACP_transl;ADK1;ADPT;AGPAT;APG3PAT;BPNT;CLPNS;CTPS2;CTPSDUMP;CYTK1;CYTK2;DADK;DADNK;DAGGALT;DAGPST;DASYN;DCMPDA;DCYTK;DGK1;DGSNK;DNAP;DRPA;ENO;FAKr;FBA;FMETTRS;FTHFCL;GALU;GAPD;GHMT;GK1;GLYK;GUAPRT;LDH_L;MTHFC;MTHFD;NADHK;NADS;NCTPPRT;NNATr;NOX;PAPA;PDH_E3;PDH_acald;PFK;PGI;PGK;PGK3;PGK4;PGM;PGMT;PGPP;PGSA;PPA;PPM2;PRPPS;PSSYN;PTAr;PUNP2;PUNP4;PYK2;PYK4;PYK5;PYK6;PYK7;PYK8;PdhC_transl;RBFK;RNAP;RPE;RPI;TALA;TKT1;TKT2;TMDK1;TMPK;TPI;TRDR;UDPG4E;UDPGALM;UMPK;UPPRT;dUTPase_transl;tRNAP;AATRS;Ribosome
67;0.00167365;8.06573e-12;80.2076;0.0195621;0.391327;0.0221752;0.415982;3.33819e-13;1.57419e-13;1.03624;3.09471e-13;2.46282e-12;9.36837e-12;0.0054237;3.81897e-10;0.0112297;8.67512e-11;4.45882e-12;0.136009;0.0135348;0.0161982;1.2214e-11;2.32499e-13;7.6221e-11;0.247177;0.00249735;0.0116819;0.0154808;0.000128856;0.00722948;0.182826;0.0695904;0.0290513;0.00971645;0.00217911;0.000314495;1.18671;5.01498;0.000114225;0.00186442;0.00240307;0.0206263;0.00165422;8.75196e-06;0.0138308;0.421999;0.00905926;0.007686;0.00768676;0.0200356;0.106085;2.09238;0.0297634;3.90297;0.00450167;0.000645568;0.00427013;4.89292;0.00797116;0.13945;0.000250577;0.13601;0.903258;0.00319608;0.0111865;1.79996e-05;0.0230204;0.00153765;0.00631794;0.152261;0.00197925;1.4089;1.63049;8.72428;0.591771;1.10152;0.0329635;0.302448;1.38592;0.000863359;0.00112881;0.000945451;0.222913;1.2446;4.5361;0.000214282;0.0260517;0.00643527;0.0242242;0.758536;0.00499856;0.0493386;9.09146;0.0167399;0.0484297;1.85411e-05;0.000239321;0.01443;0.0745891;0.0191648;0.263841;0.243363;0.141265;0.0117939;0.0103298;8.5995;0.021943;0.00400019;0.00717835;0.256223;0.0562969;1.08991e-05;0.0536212;1.38458;16.0432
