condition;5FTHFabc;ACt;ATPase;COAabc;DADNabc;DCYTabc;DGSNabc;FAt;FORt;GLCpts;GLYCt;H2Ot;Ht;LIPTA;L_LACt2r;NACabc;NH3t;O2t;PIabc;RIBFLVabc;THMDabc;URAt2;trdoxt;trdrdt;AAabc;5FTHFPGS;ACKr;ACPPAT;ACPS;ACP_transl;ADK1;ADPT;AGPAT;APG3PAT;BPNT;CLPNS;CTPS2;CTPSDUMP;CYTK1;CYTK2;DADK;DADNK;DAGGALT;DAGPST;DASYN;DCMPDA;DCYTK;DGK1;DGSNK;DNAP;DRPA;ENO;FAKr;FBA;FMETTRS;FTHFCL;GALU;GAPD;GHMT;GK1;GLYK;GUAPRT;LDH_L;MTHFC;MTHFD;NADHK;NADS;NCTPPRT;NNATr;NOX;PAPA;PDH_E3;PDH_acald;PFK;PGI;PGK;PGK3;PGK4;PGM;PGMT;PGPP;PGSA;PPA;PPM2;PRPPS;PSSYN;PTAr;PUNP2;PUNP4;PYK2;PYK4;PYK5;PYK6;PYK7;PYK8;PdhC_transl;RBFK;RNAP;RPE;RPI;TALA;TKT1;TKT2;TMDK1;TMPK;TPI;TRDR;UDPG4E;UDPGALM;UMPK;UPPRT;dUTPase_transl;tRNAP;AATRS;Ribosome
67;0.00808462;0.0385992;0.690634;0.00685532;0.443956;0.026575;0.456307;0.00713579;0.000565024;5.67603;0.0022709;0.00353673;0.000752091;0.00267963;2.74137;0.0105448;0.117736;0.0113698;1.53583;0.00369498;0.0598175;0.109968;0.213431;0.212573;0.999144;0.0109015;0.365993;0.106524;0.0224923;36.7851;3.379;0.258402;0.107891;0.00703039;0.000922284;0.00202239;0.499701;5.7403;0.00126756;0.0190119;0.0591862;0.0555068;0.00181315;0.000959571;0.00658244;2.24453;0.023499;0.02307;0.0210461;0.214516;0.221201;5.574;0.0185686;5.0614;0.503873;0.00620572;0.0108966;28.2241;0.0136493;0.465522;0.0122839;0.288966;22.8735;0.0151743;0.0267378;9.4304e-05;0.00486827;0.0021652;0.00351302;0.465063;0.0025583;39.9049;40.0002;11.4668;4.23971;29.347;0.37803;8.813;5.57495;0.00382516;0.0040657;0.00569807;1.08353;0.221358;1.46758;0.00690949;0.591792;0.172954;0.199329;0.553601;0.000770665;0.0392681;7.59349;0.0119885;0.0386527;0.501558;0.00107433;0.35768;0.307131;0.307052;0.307396;0.306593;0.287677;0.0549556;0.0585847;2.52861;0.226234;0.00821801;0.00783428;0.796707;0.480468;0.167115;1.00871;36.9211;0.459597
