condition;5FTHFabc;ACt;ATPase;COAabc;DADNabc;DCYTabc;DGSNabc;FAt;FORt;GLCpts;GLYCt;H2Ot;Ht;LIPTA;L_LACt2r;NACabc;NH3t;O2t;PIabc;RIBFLVabc;THMDabc;URAt2;trdoxt;trdrdt;AAabc;5FTHFPGS;ACKr;ACPPAT;ACPS;ACP_transl;ADK1;ADPT;AGPAT;APG3PAT;BPNT;CLPNS;CTPS2;CTPSDUMP;CYTK1;CYTK2;DADK;DADNK;DAGGALT;DAGPST;DASYN;DCMPDA;DCYTK;DGK1;DGSNK;DNAP;DRPA;ENO;FAKr;FBA;FMETTRS;FTHFCL;GALU;GAPD;GHMT;GK1;GLYK;GUAPRT;LDH_L;MTHFC;MTHFD;NADHK;NADS;NCTPPRT;NNATr;NOX;PAPA;PDH_E3;PDH_acald;PFK;PGI;PGK;PGK3;PGK4;PGM;PGMT;PGPP;PGSA;PPA;PPM2;PRPPS;PSSYN;PTAr;PUNP2;PUNP4;PYK2;PYK4;PYK5;PYK6;PYK7;PYK8;PdhC_transl;RBFK;RNAP;RPE;RPI;TALA;TKT1;TKT2;TMDK1;TMPK;TPI;TRDR;UDPG4E;UDPGALM;UMPK;UPPRT;dUTPase_transl;tRNAP;AATRS;Ribosome
67;0.0080848;0.0385989;0.690636;0.00685463;0.443956;0.0265749;0.456307;0.00713587;0.000564732;5.67603;0.00227119;0.00353572;0.000751736;0.00267963;2.74137;0.0105447;0.117735;0.0113699;1.53583;0.00369501;0.0598174;0.109968;0.213431;0.212573;0.999144;0.0109014;0.365992;0.106524;0.0224921;36.7851;3.37899;0.258401;0.107892;0.00703037;0.000922279;0.00202239;0.499701;5.7403;0.00126753;0.019013;0.0591866;0.0555073;0.001813;0.000959537;0.00658281;2.24453;0.0234987;0.0230696;0.0210458;0.214516;0.221201;5.574;0.0185686;5.0614;0.503872;0.0062056;0.0108971;28.2241;0.0136491;0.465522;0.0122845;0.288966;22.8735;0.0151744;0.0267378;9.43113e-05;0.00486863;0.00216537;0.00351328;0.465062;0.00255806;39.9049;40.0002;11.4668;4.23971;29.347;0.37803;8.813;5.57495;0.00382536;0.00406523;0.00569803;1.08353;0.221358;1.46758;0.00690915;0.591792;0.172953;0.199329;0.553601;0.00077063;0.039268;7.59349;0.0119885;0.0386527;0.501558;0.00107472;0.357681;0.307132;0.307052;0.307396;0.306593;0.287678;0.0549561;0.0585851;2.52861;0.226234;0.00821839;0.00783388;0.796708;0.480469;0.167115;1.00871;36.9211;0.4596
