condition;10fthfglu3;12dgr;13dpg;1ag3p;2dr1p;2dr5p;2pg;3pg;5fthf;5fthfglu3;ACP_R;ACP;DNA;PdhC;RNA;ac;acald;accoa;actp;ade;adp;amp;ap;apoACP;atp;cdp;cdpdag;clpn;cmp;coa;ctp;dUTPase;dad_2;dadp;damp;datp;dcdp;dcmp;dctp;dcyt;dgdp;dgmp;dgsn;dgtp;dhap;dhlpl_PdhC;dnad;dtdp;dtmp;dttp;dump;e4p;f6p;fa;fdp;fmettrna;fmn;for;g1p;g3p;g6p;galfur12dgr;gdp;glyc3p;glyc;gmp;gtp;gua;h2o;h;lac__L;lgltn;lpl_PdhC;methfglu3;mlthfglu3;nac;nad;nadh;nadp;nadph;nh3;nicrnt;o2;pa;pap;pep;pg3p;pg;pi;ppi;prpp;pyr;r5p;ribflv;ru5p__D;s7p;thfglu3;thymd;trdox;trdrd;udp;udpg;udpgal;udpgalfur;udpgltn;ump;ura;utp;xu5p__D;AA;tRNA;AAtRNA;Protein
67;0.000640771;0.00123509;0.000492645;0.00157067;0.000681136;0.000157275;0.000948677;0.00085597;0.000101731;0.000812814;0.00182438;0.0198188;0.0551744;5.00989e-06;0.16178;0.000486874;0.0170118;0.00026358;0.000749572;0.000179745;0.000883395;0.000170346;0.000153796;0.173413;0.00737054;7.06338e-05;0.000729523;0.00189782;0.00110076;0.00221792;0.000252769;0.000881676;0.000774705;0.00111022;0.0008136;0.000132892;0.00066451;0.000612071;0.000129874;0.000757935;0.00205356;4.31314e-05;0.000713881;0.00042407;0.00208708;0.00123136;5.21638e-05;0.00110408;0.000824092;0.000131329;0.00197608;0.000239028;0.00354679;0.000678707;0.000942023;0.00591321;0.000554962;0.000319908;2.04061e-05;0.00199787;0.000977762;0.00118394;9.3669e-05;0.000353826;0.00049495;0.000137379;0.000131619;0.00148458;0.00424618;0.00164057;0.000380267;0.000934292;0.00141855;0.00186957;0.000208044;0.00148129;0.0021682;0.000505972;2.66481e-05;3.32482e-05;0.000467757;2.18623e-05;0.000434502;0.00030133;5.77373e-06;0.00125455;0.000119571;0.00158069;0.00251076;0.000109532;0.000174878;0.000716918;0.0025729;0.0010897;7.97487e-05;0.000506921;0.000903489;0.00112123;0.000894363;5.94841e-12;0.00119659;9.97157e-05;0.00038373;4.18813e-05;0.00111912;0.000377368;0.000654538;0.00129887;0.000138347;0.00100839;0.00230394;0.0133606;0.459597
