condition;5FTHFabc;ACt;ATPase;COAabc;DADNabc;DCYTabc;DGSNabc;FAt;FORt;GLCpts;GLYCt;H2Ot;Ht;LIPTA;L_LACt2r;NACabc;NH3t;O2t;PIabc;RIBFLVabc;THMDabc;URAt2;trdoxt;trdrdt;AAabc;5FTHFPGS;ACKr;ACPPAT;ACPS;ACP_transl;ADK1;ADPT;AGPAT;APG3PAT;BPNT;CLPNS;CTPS2;CTPSDUMP;CYTK1;CYTK2;DADK;DADNK;DAGGALT;DAGPST;DASYN;DCMPDA;DCYTK;DGK1;DGSNK;DNAP;DRPA;ENO;FAKr;FBA;FMETTRS;FTHFCL;GALU;GAPD;GHMT;GK1;GLYK;GUAPRT;LDH_L;MTHFC;MTHFD;NADHK;NADS;NCTPPRT;NNATr;NOX;PAPA;PDH_E3;PDH_acald;PFK;PGI;PGK;PGK3;PGK4;PGM;PGMT;PGPP;PGSA;PPA;PPM2;PRPPS;PSSYN;PTAr;PUNP2;PUNP4;PYK2;PYK4;PYK5;PYK6;PYK7;PYK8;PdhC_transl;RBFK;RNAP;RPE;RPI;TALA;TKT1;TKT2;TMDK1;TMPK;TPI;TRDR;UDPG4E;UDPGALM;UMPK;UPPRT;dUTPase_transl;tRNAP;AATRS;Ribosome
70;1.02509;4.89276;87.5406;0.868495;56.2751;3.36876;57.8408;0.904565;0.0716226;719.482;0.287851;0.448142;0.0954153;0.339664;347.491;1.33683;14.924;1.441;194.68;0.468421;7.58252;13.9393;27.054;26.9454;126.649;1.38207;46.3924;13.5028;2.8512;4662.81;428.315;32.755;13.6761;0.891184;0.116912;0.25635;63.341;727.63;0.160752;2.40971;7.50238;7.03601;0.229926;0.121643;0.834338;284.513;2.97902;2.92459;2.66803;27.1919;28.0391;706.549;2.35378;641.573;63.8688;0.786734;1.381;3577.64;1.7301;59.0088;1.55716;36.6288;2899.4;1.92346;3.38923;0.011956;0.616452;0.274177;0.444847;58.9506;0.324332;5058.27;5070.34;1453.51;537.417;3719.97;47.9185;1117.12;706.669;0.484791;0.51545;0.72229;137.346;28.059;186.027;0.875935;75.0143;21.9234;25.2666;70.1734;0.0977299;4.97739;962.535;1.51946;4.89939;63.5764;0.136224;45.3389;38.9313;38.9212;38.9652;38.8634;36.4651;6.96613;7.42614;320.522;28.6769;1.04154;0.993122;100.989;60.903;21.1829;127.864;4680.04;58.262
