condition;5FTHFabc;ACt;ATPase;COAabc;DADNabc;DCYTabc;DGSNabc;FAt;FORt;GLCpts;GLYCt;H2Ot;Ht;LIPTA;L_LACt2r;NACabc;NH3t;O2t;PIabc;RIBFLVabc;THMDabc;URAt2;trdoxt;trdrdt;AAabc;5FTHFPGS;ACKr;ACPPAT;ACPS;ACP_transl;ADK1;ADPT;AGPAT;APG3PAT;BPNT;CLPNS;CTPS2;CTPSDUMP;CYTK1;CYTK2;DADK;DADNK;DAGGALT;DAGPST;DASYN;DCMPDA;DCYTK;DGK1;DGSNK;DNAP;DRPA;ENO;FAKr;FBA;FMETTRS;FTHFCL;GALU;GAPD;GHMT;GK1;GLYK;GUAPRT;LDH_L;MTHFC;MTHFD;NADHK;NADS;NCTPPRT;NNATr;NOX;PAPA;PDH_E3;PDH_acald;PFK;PGI;PGK;PGK3;PGK4;PGM;PGMT;PGPP;PGSA;PPA;PPM2;PRPPS;PSSYN;PTAr;PUNP2;PUNP4;PYK2;PYK4;PYK5;PYK6;PYK7;PYK8;PdhC_transl;RBFK;RNAP;RPE;RPI;TALA;TKT1;TKT2;TMDK1;TMPK;TPI;TRDR;UDPG4E;UDPGALM;UMPK;UPPRT;dUTPase_transl;tRNAP;AATRS;Ribosome
70;0.00169066;8.14753e-12;80.9982;0.0197469;0.3952;0.0223958;0.420099;3.37215e-13;1.59099e-13;1.04389;3.12562e-13;2.48757e-12;9.4759e-12;0.00542849;3.85767e-10;0.0113425;8.76307e-11;4.50328e-12;0.137355;0.0136702;0.0163589;1.23377e-11;2.34855e-13;2.8072e-12;0.247448;0.00251222;0.0117486;0.0155313;0.000130124;0.00726728;0.184117;0.0700966;0.0290574;0.00976198;0.00218252;0.000317218;1.19689;5.06202;0.000115335;0.0018801;0.00242536;0.0203908;0.00162246;8.74963e-06;0.0139003;0.425635;0.00914739;0.00771558;0.00776181;0.0198452;0.106821;2.10998;0.0299783;3.93967;0.00453073;0.000651747;0.0042815;4.92597;0.00804216;0.140612;0.000252962;0.137119;0.908889;0.00322688;0.0111984;1.81234e-05;0.0230542;0.0015447;0.00633439;0.15054;0.00195446;1.41008;1.63228;8.80441;0.596241;1.10749;0.0331088;0.304214;1.39732;0.000867853;0.00114057;0.00095113;0.224753;1.25597;4.57556;0.000217891;0.0261244;0.006495;0.0244468;0.764966;0.00501081;0.0497836;9.17543;0.0168827;0.0488745;1.86429e-05;0.000241625;0.0143015;0.0750774;0.0192125;0.261363;0.24503;0.14237;0.0119115;0.0104261;8.67996;0.0220014;0.004015;0.00724433;0.258169;0.0567406;1.0954e-05;0.0531445;1.38875;16.1282
