condition;5FTHFabc;ACt;ATPase;COAabc;DADNabc;DCYTabc;DGSNabc;FAt;FORt;GLCpts;GLYCt;H2Ot;Ht;LIPTA;L_LACt2r;NACabc;NH3t;O2t;PIabc;RIBFLVabc;THMDabc;URAt2;trdoxt;trdrdt;AAabc;5FTHFPGS;ACKr;ACPPAT;ACPS;ACP_transl;ADK1;ADPT;AGPAT;APG3PAT;BPNT;CLPNS;CTPS2;CTPSDUMP;CYTK1;CYTK2;DADK;DADNK;DAGGALT;DAGPST;DASYN;DCMPDA;DCYTK;DGK1;DGSNK;DNAP;DRPA;ENO;FAKr;FBA;FMETTRS;FTHFCL;GALU;GAPD;GHMT;GK1;GLYK;GUAPRT;LDH_L;MTHFC;MTHFD;NADHK;NADS;NCTPPRT;NNATr;NOX;PAPA;PDH_E3;PDH_acald;PFK;PGI;PGK;PGK3;PGK4;PGM;PGMT;PGPP;PGSA;PPA;PPM2;PRPPS;PSSYN;PTAr;PUNP2;PUNP4;PYK2;PYK4;PYK5;PYK6;PYK7;PYK8;PdhC_transl;RBFK;RNAP;RPE;RPI;TALA;TKT1;TKT2;TMDK1;TMPK;TPI;TRDR;UDPG4E;UDPGALM;UMPK;UPPRT;dUTPase_transl;tRNAP;AATRS;Ribosome
67;1.01452;4.84373;86.6663;0.860259;55.7111;3.33484;57.2611;0.895455;0.0709037;712.273;0.284971;0.443817;0.0943783;0.336262;344.009;1.32325;14.7744;1.42677;192.729;0.463676;7.50637;13.7996;26.783;26.6754;125.381;1.368;45.9277;13.3675;2.82251;4616.09;424.023;32.4263;13.5391;0.882229;0.115736;0.253786;62.7064;720.339;0.159064;2.38577;7.42715;6.96544;0.227529;0.120415;0.826017;281.662;2.94884;2.89501;2.64104;26.9192;27.7581;699.469;2.33014;635.144;63.23;0.778744;1.36739;3541.79;1.71282;58.4174;1.54149;36.2617;2870.35;1.90419;3.35527;0.011834;0.610909;0.271707;0.440841;58.3597;0.321036;5007.59;5019.54;1438.94;532.032;3682.69;47.4383;1105.93;699.589;0.480012;0.510197;0.71504;135.97;27.7778;184.163;0.867058;74.2628;21.7036;25.0134;69.4703;0.0967092;4.92767;952.891;1.50441;4.85045;62.9395;0.134815;44.8845;38.5413;38.5313;38.5745;38.4738;36.1001;6.89627;7.35168;317.31;28.3896;1.03126;0.983108;99.9772;60.2929;20.9709;126.581;4633.15;57.6739
