Max_growthrate,F-Vector,Protein_concentrations vector,GCC_F,Fluxes_vector,Internal_Metabolite_concentrations,External_metabolite_concentrations,Metabolite_concentrations
1.4421960138224914,[ 1.00000000e+00 -3.79861010e-07  8.99222382e-01  6.36923527e-01],[ 5.63898641e+01 -2.16725051e-06  7.12019369e+01  8.89622002e+01],[ 0.         -0.03799639 -0.27722229 -0.30726327],[ 4.90346645e+02 -1.86263572e-04  4.40930678e+02  3.12313314e+02],[ 34.26439011  61.14725113  28.03448883 216.55399909],[66.66666667  1.        ],"[ 66.66666667   1.          34.26439011  61.14725113  28.03448883
 216.55399909]"
