Max_growthrate,F-Vector,Protein_concentrations vector,GCC_F,Fluxes_vector,Internal_Metabolite_concentrations,External_metabolite_concentrations,Metabolite_concentrations
1.4510542049240476,[ 1.00000000e+00 -4.08302971e-07  8.65172813e-01  6.03191377e-01],[ 5.67362194e+01 -2.35679597e-06  6.49941279e+01  8.33547231e+01],[ 0.00000000e+00 -4.08402971e-02 -1.28620509e-06 -1.15762056e-06],[ 4.93358430e+02 -2.01439713e-04  4.26840300e+02  2.97589550e+02],[ 45.84124364  58.83189009  30.24193703 205.08506806],[66.66666667  1.        ],"[ 66.66666667   1.          45.84124364  58.83189009  30.24193703
 205.08506806]"
