Max_growthrate,F-Vector,Protein_concentrations vector,GCC_F,Fluxes_vector,Internal_Metabolite_concentrations,External_metabolite_concentrations,Metabolite_concentrations
1.698846129662494,[1.         0.86303265 0.75099129],[ 63.53684525  75.69234372 116.107849  ],[ 0.00000000e+00 -8.49736625e-06 -9.99432154e-06],[577.60768409 498.49428792 433.77833871],[ 46.56890037  38.09406166 255.33703797],[100.],[100.          46.56890037  38.09406166 255.33703797]
