Max_growthrate,F-Vector,Protein_concentrations vector,GCC_F,Fluxes_vector,Internal_Metabolite_concentrations,External_metabolite_concentrations,Metabolite_concentrations
4.419252002255917,"[6.36990692e-01 3.63009308e-01 2.47328596e-05 7.65027014e-01
 8.91318505e-01]","[-23520.16475282  39870.11260267 -10678.5723816   -6815.32330889
 -48252.2007106 ]",[ 0.          0.00602783  0.01904036  0.02053454 -0.00518524],"[-360953.02343439  362455.56911515 -106795.15098332  -61340.61687091
 -218294.02838877]",[-53657.02705532 101922.46181756   1470.713789   -49396.14855123],[100.  10.],"[ 1.00000000e+02  1.00000000e+01 -5.36570271e+04  1.01922462e+05
  1.47071379e+03 -4.93961486e+04]"
