Max_growthrate,F-Vector,Protein_concentrations vector,GCC_F,Fluxes_vector,Internal_Metabolite_concentrations,External_metabolite_concentrations,Metabolite_concentrations
2.6786850628016046,[1.         0.81306722],[ 92.44142152 184.00143289],[ 0.00000000e+00 -9.39801172e-06],[910.75292135 740.50334481],[ 63.5571456 276.4428544],[66.66666667],[ 66.66666667  63.5571456  276.4428544 ]
