reaction;f0
tC;0.6108605664288018
tP;0.22724128540055002
tN;0.22724128540055022
tAce;0.06534313722990198
Resp;1e-10
Ferm;0.36838235281617654
Nucprod;0.6830186395545874
Aaprod;0.22732994432340844
Replication;0.008333333333333333
Transcription;0.598050108932462
tRNAcharging;0.9813180827886714
Ribosome;0.9720588235294121
