reaction;f0
tC;0.5585860566448803
tP;0.2207069716775599
tN;0.22070697167755982
tAce;0.0
Resp;0.2613725490196079
Ferm;0.041666666666666664
Nucprod;0.6830186395545873
Aaprod;0.22732994432340844
Replication;0.008333333333333333
Transcription;0.5980501089324619
tRNAcharging;0.9813180827886713
Ribosome;0.972058823529412
