reaction;f0
Carbon_met;0.1622840557275542
PSII;1.2399303405572755
PSI;0.4778204334365324
Cyt6bf;0.381517027863777
ATPase;0.7244202786377708
Rubisco;0.46258057275541803
TCA;0.3682101393188855
AA_s;0.4218521671826626
Ribosome;0.7393339009287927
