reaction;f0
rxn1;0.63699999999
rxn2;0.36300000001
rxn3;1e-10
rxn4;0.7649999998999999
Ribosome;0.9249999999999998
