reaction;f0
rxn1;1.0
rxn2;0.9993333333333333
Ribosome;0.9986666666666666
