reaction;f0
Carbon_met;0.789919395980002
PSII;0.6565656565656566
PSI;1.523232323232323
Cyt6bf;2.0
ATPase;0.024040404040404043
Rubisco;0.027126028986378732
AA_s;0.02003902210607738
Ribosome;0.015640161450240414
