reaction;f0
Carbon_met;0.19194588681170988
PSII;2.5852541530923636
PSI;5.514481567471711
Cyt6bf;7.786065489580122
ATPase;0.12047482886673958
Rubisco;0.2031721974675564
AA_s;0.21564587597405258
Ribosome;0.29507852411877644
