reaction;f0
rxn1;0.025000000100000003
rxn2;0.9749999999
rxn3;1e-10
rxn4;0.9499999999
Ribosome;0.9249999999999999
