condition;5FTHFabc;ACt;ADNabc;CO2t;COAabc;DADNabc;DCYTabc;DGSNabc;FAt;FORt;GLCpts;GLYCt;GSNabc;H2Ot;Ht;LIPTA;NACabc;NH3t;O2t;PIabc;PYRt2r;THMDabc;URAt2;trdoxt;AAabc;5FTHFPGS;ACKr;ACPPAT;ACPS;ACP_transl;ADK1;ADPT;AGPAT;APG3PAT;BPNT;CLPNS;CTPS2;CYTK1;CYTK2;DADK;DADNK;DAGGALT;DAGPST;DASYN;DCYTK;DGK1;DGSNK;DNAP;ENO;FAKr;FBA;FMETTRS;FTHFCL;GALU;GAPD;GHMT;GK1;GLYK;GUAPRT;MTHFC;MTHFD;NADK;NADS;NCTPPRT;NNATr;NOX;PAPA;PDH_E1;PDH_E2;PDH_E3;PFK;PGI;PGK;PGK3;PGM;PGMT;PGPP;PGSA;PPA;PPM;PRPPS;PSSYN;PTAr;PUNP1;PUNP3;PYK;PYK2;PYK4;PYK5;PYK6;PYK7;PYK8;PdhC_transl;RPE;RPI;TALA;TKT1;TKT2;TMDK1;TMPK;TPI;TRDR;UDPG4E;UDPGALM;UMPK;UPPRT;dUTPase_transl;rRNAP;rRNA_degrad;tRNAP;AATRS;Ribosome
1;13.1777;0.391302;184.094;0.400773;2.64605;9.22011;4.83294;4.70765;2.88917;0.400773;2660.04;0.840051;216.157;320.254;2.17482;1.59006;3.73957;0.138494;234.239;686.448;1283.16;9.19355;52.0984;0.47659;455.395;18.0396;4.89198;41.4572;12.2537;16645.9;2022.53;121.376;41.5802;2.7604;0.504182;0.407366;248.842;279.021;2.94447;7.81636;7.81625;0.483691;0.926415;3.47642;3.43443;3.01789;3.46957;26.4222;2670.06;7.30576;2480.39;233.269;12.2202;4.3577;13520.7;6.64215;649.967;5.10196;143.927;6.75858;0.0485657;0.00117786;0.987224;0.433863;0.707799;9937.12;0.430296;613.545;620.592;618.498;5619.35;1987.22;9497.68;527.961;2670.6;1.52937;0.998284;3.4522;840.248;114.175;704.133;3.05833;8.42161;84.793;101.86;3321.58;503.385;191.412;4.84483;1.59262;1.48468;4.76888;304.478;70.9594;70.9387;71.0408;70.8541;66.4581;7.77666;7.72878;1239.22;0.40305;3.31744;3.29761;728.117;228.756;77.4193;1326.9;596.596;581.184;16842.5;249.165
