reaction;f0
Carbon_T;0.19194588681170988
PSII;2.5852541530923636
PSI;5.514481567471711
Cyt6bf;7.786065489580122
ATPsyn;0.12047482886673958
C_fix;0.2031721974675564
Met;0.21564587597405258
Ribosome;0.29507852411877644
