reaction;f0
S;0.7685555555555557
PSU;0.24580996884735196
Met;0.9294444444444445
Ribosome;0.9249999999999998
