;S;PSU;Met;Ribosome
x_C;-0.981308411214953;0.0;0.0;0.0
x_PSU;0.0;-1.0;0.0;0.0
C;1.0;0.0;-0.8;0.0
e;-0.0186915887850467;1.0;-0.2;-0.0222222222222222
A;0.0;0.0;1.0;-0.977777777777778
Protein;0.0;0.0;0.0;1.0
