metabolite;value
DNA;0.015400000000000002
rRNA;0.0455672
