metabolite;value
DNA;0.015400000000000002
mRNA;0.0227836
rRNA;0.0227836
