metabolite;value
DNA;0.015400000000000002
RNA;0.0455672
