reaction;f0
rxn1;0.56050000001
rxn2;0.43949999999
rxn3;0.7649999999
rxn4;1e-10
Ribosome;0.9249999999999999
